INSERT INTO main.holders (card_bsk_num) VALUES (16978710426358301);
INSERT INTO main.holders (card_bsk_num) VALUES (59701731727820792);
INSERT INTO main.holders (card_bsk_num) VALUES (63433100095820002);
INSERT INTO main.holders (card_bsk_num) VALUES (22416062400820796);
INSERT INTO main.holders (card_bsk_num) VALUES (19019837027820791);
INSERT INTO main.holders (card_bsk_num) VALUES (68349584055317397);
INSERT INTO main.holders (card_bsk_num) VALUES (68349633056777397);
INSERT INTO main.holders (card_bsk_num) VALUES (68349584080377397);
INSERT INTO main.holders (card_bsk_num) VALUES (62771918210149796);
INSERT INTO main.holders (card_bsk_num) VALUES (68349584088897397);

INSERT INTO esrn.esrnpayment (payment_code, payment_name) VALUES ('stPrigorodRJD', 'Право на льготный проезд');
INSERT INTO esrn.esrnpayment (payment_code, payment_name) VALUES ('child', 'Ежемесячное пособие на ребенка');

INSERT INTO esrn.nominated_payment (esrn_payment_payment_code, card_holder_pers_id, open_date, close_date) VALUES ('stPrigorodRJD', 1, '2020-01-01', '2020-12-31');
INSERT INTO esrn.nominated_payment (esrn_payment_payment_code, card_holder_pers_id, open_date, close_date) VALUES ('stPrigorodRJD', 2, '2020-01-01', '2020-12-31');
INSERT INTO esrn.nominated_payment (esrn_payment_payment_code, card_holder_pers_id, open_date, close_date) VALUES ('stPrigorodRJD', 3, '2020-01-01', '2020-12-31');
INSERT INTO esrn.nominated_payment (esrn_payment_payment_code, card_holder_pers_id, open_date, close_date) VALUES ('stPrigorodRJD', 4, '2020-01-01', '2020-12-31');
INSERT INTO esrn.nominated_payment (esrn_payment_payment_code, card_holder_pers_id, open_date, close_date) VALUES ('stPrigorodRJD', 5, '2020-01-01', '2020-12-31');
INSERT INTO esrn.nominated_payment (esrn_payment_payment_code, card_holder_pers_id, open_date, close_date) VALUES ('stPrigorodRJD', 6, '2020-01-01', '2020-12-31');
INSERT INTO esrn.nominated_payment (esrn_payment_payment_code, card_holder_pers_id, open_date, close_date) VALUES ('stPrigorodRJD', 7, '2020-01-01', '2020-12-31');
INSERT INTO esrn.nominated_payment (esrn_payment_payment_code, card_holder_pers_id, open_date, close_date) VALUES ('stPrigorodRJD', 8, '2020-01-01', '2020-12-31');
INSERT INTO esrn.nominated_payment (esrn_payment_payment_code, card_holder_pers_id, open_date, close_date) VALUES ('stPrigorodRJD', 9, '2020-01-01', '2020-12-31');
INSERT INTO esrn.nominated_payment (esrn_payment_payment_code, card_holder_pers_id, open_date, close_date) VALUES ('child', 10, '2020-01-01', '2020-12-31');